پايانه 4و6 فرودگاه مهرآباد,پايانه 1و2 فرودگاه مهرآباد,بيمه
112,111,87
5:45,5:47,5:49
6:00,6:02,6:04
6:15,6:17,6:19
6:30,6:32,6:34
6:45,6:47,6:49
7:00,7:02,7:04
7:15,7:17,7:19
7:30,7:32,7:34
7:45,7:47,7:49
8:00,8:02,8:04
8:15,8:17,8:19
8:30,8:32,8:34
8:45,8:47,8:49
9:00,9:02,9:04
9:15,9:17,9:19
9:30,9:32,9:34
9:45,9:47,9:49
10:00,10:02,10:04
10:15,10:17,10:19
10:30,10:32,10:34
10:45,10:47,10:49
11:00,11:02,11:04
11:15,11:17,11:19
11:30,11:32,11:34
11:45,11:47,11:49
12:00,12:02,12:04
12:15,12:17,12:19
12:30,12:32,12:34
12:45,12:47,12:49
13:00,13:02,13:04
13:15,13:17,13:19
13:30,13:32,13:34
13:45,13:47,13:49
14:00,14:02,14:04
14:15,14:17,14:19
14:30,14:32,14:34
14:45,14:47,14:49
15:00,15:02,15:04
15:15,15:17,15:19
15:30,15:32,15:34
15:45,15:47,15:49
16:00,16:02,16:04
16:15,16:17,16:19
16:30,16:32,16:34
16:45,16:47,16:49
17:00,17:02,17:04
17:15,17:17,17:19
17:30,17:32,17:34
17:45,17:47,17:49
18:00,18:02,18:04
18:15,18:17,18:19
18:30,18:32,18:34
18:45,18:47,18:49
19:00,19:02,19:04
19:15,19:17,19:19
19:30,19:32,19:34
19:45,19:47,19:49
20:00,20:02,20:04
20:15,20:17,20:19
20:30,20:32,20:34
20:45,20:47,20:49
21:00,21:02,21:04
21:15,21:17,21:19
21:30,21:32,21:34
21:45,21:47,21:49
22:00,22:02,22:04
22:15,22:17,22:19
22:30,22:32,22:34
